unique_key,created_date,complaint_category,borough,district,agency,supervisor,status,closed_date,hours_open,sla_hours,sla_breach,resolution_description
SR-2024-20000000,2024-06-14T10:51:04,UNSANITARY CONDITION,BROOKLYN,Crown Heights,HPD,Director Priya Nair,Open,,19.1,168,NO,
SR-2024-20000001,2024-06-15T04:42:58,Blocked Driveway,QUEENS,Forest Hills,NYPD,Lt. Marcus Webb,Closed,2024-06-15T20:00:41,,24,NO,The Police Department responded to the complaint and took action.
SR-2024-20000002,2024-06-11T00:00:00,Street Condition,MANHATTAN,Chelsea,DOT,Dir. Samantha Chen,Closed,2024-06-13T11:38:55,,72,NO,A work order was issued for repair.
SR-2024-20000003,2024-06-14T20:39:32,Noise - Residential,MANHATTAN,Harlem,NYPD,Lt. Marcus Webb,Closed,2024-06-15T14:34:17,,24,NO,"Upon arrival, the condition was no longer present."
SR-2024-20000004,2024-06-15T00:53:01,Blocked Driveway,STATEN ISLAND,Stapleton,NYPD,Lt. Marcus Webb,Open,,5.1,24,NO,
SR-2024-20000005,2024-06-14T11:51:17,PLUMBING,STATEN ISLAND,Tottenville,HPD,Director Priya Nair,Open,,18.1,168,NO,
SR-2024-20000006,2024-06-11T09:00:00,UNSANITARY CONDITION,BRONX,Fordham,HPD,Director Priya Nair,Closed,2024-06-13T14:31:55,,168,NO,An inspection was conducted and a violation was issued.
SR-2024-20000007,2024-06-11T18:00:00,PAINT/PLASTER,QUEENS,Jackson Heights,HPD,Director Priya Nair,Closed,2024-06-13T21:09:42,,168,NO,An inspection was conducted and a violation was issued.
SR-2024-20000008,2024-06-08T13:00:00,HEAT/HOT WATER,QUEENS,Flushing,HPD,Director Priya Nair,Closed,2024-06-12T21:42:24,,168,NO,The building owner was notified and corrected the condition.
SR-2024-20000009,2024-06-15T03:49:59,Noise - Commercial,MANHATTAN,Harlem,NYPD,Lt. Marcus Webb,Open,,2.2,24,NO,
SR-2024-20000010,2024-06-14T11:13:50,HEAT/HOT WATER,BRONX,Mott Haven,HPD,Director Priya Nair,Closed,2024-06-22T02:50:14,,168,NO,An inspection was conducted and a violation was issued.
SR-2024-20000011,2024-06-15T00:10:22,HEAT/HOT WATER,BROOKLYN,Williamsburg,HPD,Director Priya Nair,Open,,5.8,168,NO,
SR-2024-20000012,2024-06-14T08:38:08,Water System,BROOKLYN,Flatbush,DEP,Mgr. Yvonne Blake,Closed,2024-06-14T23:27:49,,48,NO,The condition was investigated and corrected.
SR-2024-20000013,2024-06-09T00:00:00,Noise - Commercial,QUEENS,Astoria,NYPD,Lt. Marcus Webb,Closed,2024-06-09T22:49:22,,24,NO,The Police Department responded to the complaint and took action.
SR-2024-20000014,2024-06-09T00:00:00,HEAT/HOT WATER,BROOKLYN,Flatbush,HPD,Director Priya Nair,Open,,150.0,168,NO,
SR-2024-20000015,2024-06-09T23:00:00,Blocked Driveway,BRONX,Fordham,NYPD,Lt. Marcus Webb,Closed,2024-06-10T19:24:26,,24,NO,"Upon arrival, the condition was no longer present."
SR-2024-20000016,2024-06-14T21:57:05,Blocked Driveway,BRONX,Fordham,NYPD,Lt. Marcus Webb,Open,,8.0,24,NO,
SR-2024-20000017,2024-06-14T16:40:08,Noise - Residential,QUEENS,Astoria,NYPD,Lt. Marcus Webb,Open,,13.3,24,NO,
SR-2024-20000018,2024-06-14T15:21:03,Elevator,MANHATTAN,Inwood,DOB,Insp. Tony Marchetti,Closed,2024-06-16T18:29:26,,96,NO,A building inspector was dispatched and the condition was addressed.
SR-2024-20000019,2024-06-08T14:00:00,Illegal Parking,MANHATTAN,Inwood,NYPD,Lt. Marcus Webb,Closed,2024-06-09T03:40:02,,24,NO,The Police Department responded to the complaint and took action.
SR-2024-20000020,2024-06-11T05:00:00,Noise - Commercial,MANHATTAN,East Village,NYPD,Lt. Marcus Webb,Open,,97.0,24,YES,
SR-2024-20000021,2024-06-10T19:00:00,PAINT/PLASTER,MANHATTAN,East Village,HPD,Director Priya Nair,Closed,2024-06-17T17:13:10,,168,NO,An inspection was conducted and a violation was issued.
SR-2024-20000022,2024-06-14T17:18:22,Noise - Residential,QUEENS,Jamaica,NYPD,Lt. Marcus Webb,Open,,12.7,24,NO,
SR-2024-20000023,2024-06-08T13:00:00,Derelict Vehicle,STATEN ISLAND,Stapleton,NYPD,Lt. Marcus Webb,Open,,161.0,24,YES,
SR-2024-20000024,2024-06-15T01:20:03,Illegal Parking,BRONX,Riverdale,NYPD,Lt. Marcus Webb,Open,,4.7,24,NO,
SR-2024-20000025,2024-06-11T03:00:00,Graffiti,BRONX,Tremont,DSNY,Supt. Carlos Rivera,Open,,99.0,48,YES,
SR-2024-20000026,2024-06-14T08:07:23,Derelict Vehicle,BRONX,Mott Haven,NYPD,Lt. Marcus Webb,Closed,2024-06-14T22:24:43,,24,NO,"Upon arrival, the condition was no longer present."
SR-2024-20000027,2024-06-14T12:16:17,Blocked Driveway,BROOKLYN,Bed-Stuy,NYPD,Lt. Marcus Webb,Closed,2024-06-15T01:47:21,,24,NO,The Police Department responded to the complaint and took action.
SR-2024-20000028,2024-06-14T12:30:40,Non-Emergency Police Matter,BRONX,Riverdale,NYPD,Lt. Marcus Webb,Closed,2024-06-14T23:41:50,,24,NO,"Upon arrival, the condition was no longer present."
SR-2024-20000029,2024-06-14T23:26:46,Noise - Street/Sidewalk,BRONX,Riverdale,NYPD,Lt. Marcus Webb,Closed,2024-06-15T18:39:44,,24,NO,"Upon arrival, the condition was no longer present."
SR-2024-20000030,2024-06-14T22:44:36,PAINT/PLASTER,STATEN ISLAND,Stapleton,HPD,Director Priya Nair,Closed,2024-06-17T16:34:53,,168,NO,An inspection was conducted and a violation was issued.
SR-2024-20000031,2024-06-15T01:24:22,Noise - Residential,MANHATTAN,Harlem,NYPD,Lt. Marcus Webb,Closed,2024-06-15T08:50:11,,24,NO,"Upon arrival, the condition was no longer present."
SR-2024-20000032,2024-06-09T01:00:00,UNSANITARY CONDITION,BROOKLYN,Williamsburg,HPD,Director Priya Nair,Closed,2024-06-13T01:25:01,,168,NO,The building owner was notified and corrected the condition.
SR-2024-20000033,2024-06-14T21:12:31,Street Light Condition,BROOKLYN,Bed-Stuy,DOT,Dir. Samantha Chen,Closed,2024-06-16T05:39:53,,72,NO,A work order was issued for repair.
SR-2024-20000034,2024-06-14T13:13:03,HEAT/HOT WATER,BROOKLYN,Flatbush,HPD,Director Priya Nair,Open,,16.8,168,NO,
SR-2024-20000035,2024-06-14T10:08:05,HEAT/HOT WATER,QUEENS,Forest Hills,HPD,Director Priya Nair,Open,,19.9,168,NO,
SR-2024-20000036,2024-06-15T00:40:04,Water System,BROOKLYN,Bushwick,DEP,Mgr. Yvonne Blake,Open,,5.3,48,NO,
SR-2024-20000037,2024-06-11T13:00:00,HEAT/HOT WATER,BRONX,Fordham,HPD,Director Priya Nair,Closed,2024-06-13T22:29:52,,168,NO,An inspection was conducted and a violation was issued.
SR-2024-20000038,2024-06-14T10:02:46,Street Condition,QUEENS,Astoria,DOT,Dir. Samantha Chen,Closed,2024-06-16T20:40:37,,72,NO,The Department of Transportation inspected and corrected the condition.
SR-2024-20000039,2024-06-10T18:00:00,Blocked Driveway,BRONX,Mott Haven,NYPD,Lt. Marcus Webb,Closed,2024-06-11T15:16:25,,24,NO,The Police Department responded to the complaint and took action.
SR-2024-20000040,2024-06-09T07:00:00,Elevator,BROOKLYN,Crown Heights,DOB,Insp. Tony Marchetti,Closed,2024-06-12T09:03:28,,96,NO,A violation was issued and the owner was notified.
SR-2024-20000041,2024-06-10T05:00:00,Noise - Residential,BRONX,Fordham,NYPD,Lt. Marcus Webb,Open,,121.0,24,YES,
SR-2024-20000042,2024-06-12T20:00:00,Illegal Parking,BROOKLYN,Bed-Stuy,NYPD,Lt. Marcus Webb,Closed,2024-06-13T14:50:39,,24,NO,"Upon arrival, the condition was no longer present."
SR-2024-20000043,2024-06-14T15:51:17,Water System,MANHATTAN,Harlem,DEP,Mgr. Yvonne Blake,Open,,14.1,48,NO,
SR-2024-20000044,2024-06-10T05:00:00,Street Light Condition,MANHATTAN,Harlem,DOT,Dir. Samantha Chen,Open,,121.0,72,YES,
SR-2024-20000045,2024-06-14T20:47:31,UNSANITARY CONDITION,MANHATTAN,Washington Heights,HPD,Director Priya Nair,Open,,9.2,168,NO,
SR-2024-20000046,2024-06-12T06:00:00,Blocked Driveway,MANHATTAN,Washington Heights,NYPD,Lt. Marcus Webb,Closed,2024-06-13T00:03:31,,24,NO,The Police Department responded to the complaint and took action.
SR-2024-20000047,2024-06-12T15:00:00,Water System,BROOKLYN,Crown Heights,DEP,Mgr. Yvonne Blake,Open,,63.0,48,YES,
SR-2024-20000048,2024-06-15T05:25:54,Blocked Driveway,MANHATTAN,Chelsea,NYPD,Lt. Marcus Webb,Closed,2024-06-15T20:13:53,,24,NO,"Upon arrival, the condition was no longer present."
SR-2024-20000049,2024-06-14T23:24:34,Noise - Residential,MANHATTAN,East Village,NYPD,Lt. Marcus Webb,Open,,6.6,24,NO,
SR-2024-20000050,2024-06-08T02:00:00,Noise - Residential,QUEENS,Jamaica,NYPD,Lt. Marcus Webb,Closed,2024-06-09T01:36:39,,24,NO,"Upon arrival, the condition was no longer present."
SR-2024-20000051,2024-06-14T15:02:40,PLUMBING,BRONX,Fordham,HPD,Director Priya Nair,Closed,2024-06-20T13:42:36,,168,NO,The building owner was notified and corrected the condition.
SR-2024-20000052,2024-06-07T11:00:00,PLUMBING,MANHATTAN,Inwood,HPD,Director Priya Nair,Closed,2024-06-10T21:43:25,,168,NO,The building owner was notified and corrected the condition.
SR-2024-20000053,2024-06-14T14:47:49,PAINT/PLASTER,QUEENS,Forest Hills,HPD,Director Priya Nair,Closed,2024-06-21T00:17:51,,168,NO,An inspection was conducted and a violation was issued.
SR-2024-20000054,2024-06-08T15:00:00,Request Large Bulky Item Collection,BROOKLYN,Bushwick,DSNY,Supt. Carlos Rivera,Closed,2024-06-09T12:40:53,,48,NO,The Department of Sanitation responded and addressed the condition.
SR-2024-20000055,2024-06-15T01:18:29,PAINT/PLASTER,BROOKLYN,Flatbush,HPD,Director Priya Nair,Closed,2024-06-21T05:14:27,,168,NO,The building owner was notified and corrected the condition.
SR-2024-20000056,2024-06-14T13:12:47,HEAT/HOT WATER,QUEENS,Astoria,HPD,Director Priya Nair,Closed,2024-06-21T22:25:33,,168,NO,The building owner was notified and corrected the condition.
SR-2024-20000057,2024-06-09T05:00:00,Noise - Commercial,BROOKLYN,Bushwick,NYPD,Lt. Marcus Webb,Closed,2024-06-10T06:16:26,,24,NO,"Upon arrival, the condition was no longer present."
SR-2024-20000058,2024-06-14T12:24:21,Blocked Driveway,BROOKLYN,Bushwick,NYPD,Lt. Marcus Webb,Closed,2024-06-15T02:12:07,,24,NO,"Upon arrival, the condition was no longer present."
SR-2024-20000059,2024-06-15T05:56:18,Graffiti,BROOKLYN,Bushwick,DSNY,Supt. Carlos Rivera,Closed,2024-06-16T22:54:22,,48,NO,Item was collected during the next scheduled pickup.
SR-2024-20000060,2024-06-10T11:00:00,Request Large Bulky Item Collection,QUEENS,Jackson Heights,DSNY,Supt. Carlos Rivera,Closed,2024-06-11T14:38:35,,48,NO,The Department of Sanitation responded and addressed the condition.
SR-2024-20000061,2024-06-14T17:52:17,Illegal Parking,BROOKLYN,Bushwick,NYPD,Lt. Marcus Webb,Open,,12.1,24,NO,
SR-2024-20000062,2024-06-14T22:06:08,Illegal Parking,QUEENS,Forest Hills,NYPD,Lt. Marcus Webb,Open,,7.9,24,NO,
SR-2024-20000063,2024-06-14T19:57:36,Street Light Condition,MANHATTAN,East Village,DOT,Dir. Samantha Chen,Closed,2024-06-15T18:34:46,,72,NO,A work order was issued for repair.
SR-2024-20000064,2024-06-14T17:41:00,Graffiti,BRONX,Riverdale,DSNY,Supt. Carlos Rivera,Closed,2024-06-15T17:06:51,,48,NO,The Department of Sanitation responded and addressed the condition.
SR-2024-20000065,2024-06-14T16:11:11,Non-Emergency Police Matter,QUEENS,Jamaica,NYPD,Lt. Marcus Webb,Closed,2024-06-15T08:47:45,,24,NO,The Police Department responded to the complaint and took action.
SR-2024-20000066,2024-06-08T22:00:00,PAINT/PLASTER,BROOKLYN,Bushwick,HPD,Director Priya Nair,Closed,2024-06-15T23:06:03,,168,NO,The building owner was notified and corrected the condition.
SR-2024-20000067,2024-06-15T05:18:27,Noise - Residential,BRONX,Fordham,NYPD,Lt. Marcus Webb,Open,,0.7,24,NO,
SR-2024-20000068,2024-06-14T10:54:33,Noise - Residential,QUEENS,Astoria,NYPD,Lt. Marcus Webb,Open,,19.1,24,NO,
SR-2024-20000069,2024-06-14T12:43:33,PAINT/PLASTER,STATEN ISLAND,Port Richmond,HPD,Director Priya Nair,Open,,17.3,168,NO,
SR-2024-20000070,2024-06-10T01:00:00,Noise - Commercial,BROOKLYN,Flatbush,NYPD,Lt. Marcus Webb,Closed,2024-06-11T03:08:40,,24,NO,The Police Department responded to the complaint and took action.
SR-2024-20000071,2024-06-12T13:00:00,Graffiti,MANHATTAN,Harlem,DSNY,Supt. Carlos Rivera,Closed,2024-06-13T18:25:13,,48,NO,Item was collected during the next scheduled pickup.
SR-2024-20000072,2024-06-14T22:18:24,Noise - Street/Sidewalk,BROOKLYN,Williamsburg,NYPD,Lt. Marcus Webb,Closed,2024-06-15T10:21:48,,24,NO,The Police Department responded to the complaint and took action.
SR-2024-20000073,2024-06-15T00:17:42,Request Large Bulky Item Collection,BROOKLYN,Flatbush,DSNY,Supt. Carlos Rivera,Closed,2024-06-16T04:19:45,,48,NO,The Department of Sanitation responded and addressed the condition.
SR-2024-20000074,2024-06-14T18:17:50,Blocked Driveway,QUEENS,Jamaica,NYPD,Lt. Marcus Webb,Open,,11.7,24,NO,
SR-2024-20000075,2024-06-14T09:13:09,Rodent,MANHATTAN,Harlem,DOHMH,Dr. James Okafor,Closed,2024-06-15T12:57:45,,72,NO,An inspection was conducted and appropriate action was taken.
SR-2024-20000076,2024-06-14T10:10:11,Blocked Driveway,BRONX,Fordham,NYPD,Lt. Marcus Webb,Closed,2024-06-14T22:19:11,,24,NO,"Upon arrival, the condition was no longer present."
SR-2024-20000077,2024-06-14T10:03:42,HEAT/HOT WATER,QUEENS,Jamaica,HPD,Director Priya Nair,Closed,2024-06-21T22:15:11,,168,NO,The building owner was notified and corrected the condition.
SR-2024-20000078,2024-06-14T15:06:22,Illegal Parking,QUEENS,Flushing,NYPD,Lt. Marcus Webb,Closed,2024-06-15T10:08:37,,24,NO,The Police Department responded to the complaint and took action.
SR-2024-20000079,2024-06-07T09:00:00,Noise - Commercial,BROOKLYN,Flatbush,NYPD,Lt. Marcus Webb,Open,,189.0,24,YES,
SR-2024-20000080,2024-06-08T05:00:00,Non-Emergency Police Matter,BRONX,Tremont,NYPD,Lt. Marcus Webb,Open,,169.0,24,YES,
SR-2024-20000081,2024-06-07T14:00:00,Noise - Street/Sidewalk,QUEENS,Forest Hills,NYPD,Lt. Marcus Webb,Closed,2024-06-07T21:30:54,,24,NO,"Upon arrival, the condition was no longer present."
SR-2024-20000082,2024-06-15T02:19:06,HEAT/HOT WATER,QUEENS,Flushing,HPD,Director Priya Nair,Closed,2024-06-19T05:29:42,,168,NO,An inspection was conducted and a violation was issued.
SR-2024-20000083,2024-06-10T03:00:00,PAINT/PLASTER,MANHATTAN,Harlem,HPD,Director Priya Nair,Closed,2024-06-17T07:26:36,,168,NO,An inspection was conducted and a violation was issued.
SR-2024-20000084,2024-06-08T05:00:00,Blocked Driveway,BROOKLYN,Crown Heights,NYPD,Lt. Marcus Webb,Closed,2024-06-09T04:51:23,,24,NO,"Upon arrival, the condition was no longer present."
SR-2024-20000085,2024-06-14T13:25:09,Noise - Commercial,MANHATTAN,Chelsea,NYPD,Lt. Marcus Webb,Open,,16.6,24,NO,
SR-2024-20000086,2024-06-09T08:00:00,Noise - Commercial,BROOKLYN,Bushwick,NYPD,Lt. Marcus Webb,Closed,2024-06-10T02:35:37,,24,NO,The Police Department responded to the complaint and took action.
SR-2024-20000087,2024-06-14T10:41:39,Noise - Street/Sidewalk,STATEN ISLAND,Tottenville,NYPD,Lt. Marcus Webb,Closed,2024-06-15T10:55:13,,24,NO,The Police Department responded to the complaint and took action.
SR-2024-20000088,2024-06-15T01:28:49,Illegal Parking,MANHATTAN,Harlem,NYPD,Lt. Marcus Webb,Closed,2024-06-15T13:25:17,,24,NO,The Police Department responded to the complaint and took action.
SR-2024-20000089,2024-06-14T18:35:01,Illegal Parking,QUEENS,Jackson Heights,NYPD,Lt. Marcus Webb,Closed,2024-06-15T11:13:45,,24,NO,"Upon arrival, the condition was no longer present."
SR-2024-20000090,2024-06-15T00:28:34,PLUMBING,QUEENS,Astoria,HPD,Director Priya Nair,Open,,5.5,168,NO,
SR-2024-20000091,2024-06-07T07:00:00,HEAT/HOT WATER,BRONX,Mott Haven,HPD,Director Priya Nair,Open,,191.0,168,YES,
SR-2024-20000092,2024-06-07T13:00:00,Homeless Person Assistance,BRONX,Pelham Bay,DHS,Dir. Fatima Hassan,Open,,185.0,24,YES,
SR-2024-20000093,2024-06-15T05:25:09,Noise - Residential,BRONX,Mott Haven,NYPD,Lt. Marcus Webb,Closed,2024-06-15T21:24:57,,24,NO,The Police Department responded to the complaint and took action.
SR-2024-20000094,2024-06-15T05:18:47,Blocked Driveway,BROOKLYN,Crown Heights,NYPD,Lt. Marcus Webb,Closed,2024-06-16T05:33:55,,24,NO,"Upon arrival, the condition was no longer present."
SR-2024-20000095,2024-06-15T04:45:46,Illegal Parking,MANHATTAN,Harlem,NYPD,Lt. Marcus Webb,Closed,2024-06-15T16:44:48,,24,NO,"Upon arrival, the condition was no longer present."
SR-2024-20000096,2024-06-10T06:00:00,Water System,BRONX,Riverdale,DEP,Mgr. Yvonne Blake,Closed,2024-06-11T23:11:06,,48,NO,The condition was investigated and corrected.
SR-2024-20000097,2024-06-14T19:34:36,PAINT/PLASTER,BROOKLYN,Flatbush,HPD,Director Priya Nair,Closed,2024-06-18T00:58:35,,168,NO,An inspection was conducted and a violation was issued.
SR-2024-20000098,2024-06-14T08:53:23,Homeless Person Assistance,BROOKLYN,Williamsburg,DHS,Dir. Fatima Hassan,Closed,2024-06-15T00:00:32,,24,NO,The individual accepted shelter placement.
SR-2024-20000099,2024-06-14T07:06:14,Homeless Person Assistance,QUEENS,Flushing,DHS,Dir. Fatima Hassan,Open,,22.9,24,NO,
SR-2024-20000100,2024-06-14T14:05:48,Blocked Driveway,BRONX,Mott Haven,NYPD,Lt. Marcus Webb,Closed,2024-06-15T03:28:35,,24,NO,"Upon arrival, the condition was no longer present."
SR-2024-20000101,2024-06-13T05:00:00,UNSANITARY CONDITION,BRONX,Pelham Bay,HPD,Director Priya Nair,Closed,2024-06-17T21:42:56,,168,NO,An inspection was conducted and a violation was issued.
SR-2024-20000102,2024-06-11T09:00:00,Rodent,QUEENS,Astoria,DOHMH,Dr. James Okafor,Closed,2024-06-12T14:43:32,,72,NO,An inspection was conducted and appropriate action was taken.
SR-2024-20000103,2024-06-14T23:00:22,Request Large Bulky Item Collection,QUEENS,Forest Hills,DSNY,Supt. Carlos Rivera,Closed,2024-06-15T17:55:34,,48,NO,Item was collected during the next scheduled pickup.
SR-2024-20000104,2024-06-14T13:50:50,Derelict Vehicle,MANHATTAN,Inwood,NYPD,Lt. Marcus Webb,Open,,16.2,24,NO,
SR-2024-20000105,2024-06-09T04:00:00,Noise - Residential,STATEN ISLAND,New Dorp,NYPD,Lt. Marcus Webb,Closed,2024-06-09T15:53:38,,24,NO,"Upon arrival, the condition was no longer present."
SR-2024-20000106,2024-06-14T08:03:25,Homeless Person Assistance,BROOKLYN,Bushwick,DHS,Dir. Fatima Hassan,Closed,2024-06-15T00:17:41,,24,NO,A DHS outreach team responded and offered services.
SR-2024-20000107,2024-06-14T12:38:39,Rodent,BROOKLYN,Flatbush,DOHMH,Dr. James Okafor,Open,,17.4,72,NO,
SR-2024-20000108,2024-06-14T12:08:23,Derelict Vehicle,QUEENS,Jackson Heights,NYPD,Lt. Marcus Webb,Open,,17.9,24,NO,
SR-2024-20000109,2024-06-08T13:00:00,HEAT/HOT WATER,QUEENS,Jamaica,HPD,Director Priya Nair,Closed,2024-06-13T04:30:11,,168,NO,An inspection was conducted and a violation was issued.
SR-2024-20000110,2024-06-12T05:00:00,Noise - Street/Sidewalk,BROOKLYN,Bed-Stuy,NYPD,Lt. Marcus Webb,Closed,2024-06-13T06:43:38,,24,NO,"Upon arrival, the condition was no longer present."
SR-2024-20000111,2024-06-14T17:26:44,Blocked Driveway,QUEENS,Flushing,NYPD,Lt. Marcus Webb,Open,,12.6,24,NO,
SR-2024-20000112,2024-06-07T10:00:00,Rodent,BROOKLYN,Bushwick,DOHMH,Dr. James Okafor,Closed,2024-06-09T14:45:40,,72,NO,An inspection was conducted and appropriate action was taken.
SR-2024-20000113,2024-06-14T14:02:07,HEAT/HOT WATER,MANHATTAN,Washington Heights,HPD,Director Priya Nair,Open,,16.0,168,NO,
SR-2024-20000114,2024-06-11T03:00:00,Blocked Driveway,QUEENS,Flushing,NYPD,Lt. Marcus Webb,Closed,2024-06-11T14:25:06,,24,NO,The Police Department responded to the complaint and took action.
SR-2024-20000115,2024-06-14T23:20:25,Blocked Driveway,MANHATTAN,Washington Heights,NYPD,Lt. Marcus Webb,Closed,2024-06-15T13:34:54,,24,NO,"Upon arrival, the condition was no longer present."
SR-2024-20000116,2024-06-15T03:10:47,Blocked Driveway,BROOKLYN,Bed-Stuy,NYPD,Lt. Marcus Webb,Open,,2.8,24,NO,
SR-2024-20000117,2024-06-09T00:00:00,Water System,BRONX,Fordham,DEP,Mgr. Yvonne Blake,Open,,150.0,48,YES,
SR-2024-20000118,2024-06-14T23:08:32,Illegal Parking,BRONX,Pelham Bay,NYPD,Lt. Marcus Webb,Closed,2024-06-15T12:07:58,,24,NO,"Upon arrival, the condition was no longer present."
SR-2024-20000119,2024-06-15T04:01:19,PLUMBING,BROOKLYN,Bushwick,HPD,Director Priya Nair,Closed,2024-06-17T20:56:56,,168,NO,The building owner was notified and corrected the condition.
SR-2024-20000120,2024-06-13T06:00:00,Homeless Person Assistance,MANHATTAN,East Village,DHS,Dir. Fatima Hassan,Closed,2024-06-13T20:05:30,,24,NO,The individual accepted shelter placement.
SR-2024-20000121,2024-06-15T03:57:22,PAINT/PLASTER,BRONX,Pelham Bay,HPD,Director Priya Nair,Open,,2.0,168,NO,
SR-2024-20000122,2024-06-14T23:32:30,PAINT/PLASTER,BRONX,Tremont,HPD,Director Priya Nair,Closed,2024-06-17T12:54:14,,168,NO,The building owner was notified and corrected the condition.
SR-2024-20000123,2024-06-10T16:00:00,HEAT/HOT WATER,QUEENS,Astoria,HPD,Director Priya Nair,Closed,2024-06-13T12:14:11,,168,NO,An inspection was conducted and a violation was issued.
SR-2024-20000124,2024-06-09T22:00:00,Street Condition,QUEENS,Flushing,DOT,Dir. Samantha Chen,Closed,2024-06-11T11:04:10,,72,NO,The Department of Transportation inspected and corrected the condition.
SR-2024-20000125,2024-06-11T15:00:00,HEAT/HOT WATER,MANHATTAN,Harlem,HPD,Director Priya Nair,Closed,2024-06-19T06:03:41,,168,NO,An inspection was conducted and a violation was issued.
SR-2024-20000126,2024-06-14T15:00:07,HEAT/HOT WATER,BROOKLYN,Flatbush,HPD,Director Priya Nair,Closed,2024-06-18T01:32:29,,168,NO,The building owner was notified and corrected the condition.
SR-2024-20000127,2024-06-15T02:22:56,Blocked Driveway,BRONX,Tremont,NYPD,Lt. Marcus Webb,Closed,2024-06-15T21:48:51,,24,NO,The Police Department responded to the complaint and took action.
SR-2024-20000128,2024-06-10T19:00:00,Illegal Parking,QUEENS,Jamaica,NYPD,Lt. Marcus Webb,Closed,2024-06-11T10:25:11,,24,NO,"Upon arrival, the condition was no longer present."
SR-2024-20000129,2024-06-14T14:15:16,Illegal Parking,STATEN ISLAND,New Dorp,NYPD,Lt. Marcus Webb,Open,,15.7,24,NO,
SR-2024-20000130,2024-06-08T07:00:00,Illegal Parking,BROOKLYN,Crown Heights,NYPD,Lt. Marcus Webb,Open,,167.0,24,YES,
SR-2024-20000131,2024-06-14T13:12:19,Blocked Driveway,QUEENS,Flushing,NYPD,Lt. Marcus Webb,Closed,2024-06-15T12:41:40,,24,NO,The Police Department responded to the complaint and took action.
SR-2024-20000132,2024-06-14T08:42:47,Noise - Residential,BROOKLYN,Crown Heights,NYPD,Lt. Marcus Webb,Closed,2024-06-14T16:16:39,,24,NO,"Upon arrival, the condition was no longer present."
SR-2024-20000133,2024-06-14T20:01:56,Street Condition,BRONX,Pelham Bay,DOT,Dir. Samantha Chen,Closed,2024-06-16T18:18:19,,72,NO,A work order was issued for repair.
SR-2024-20000134,2024-06-14T17:19:21,Blocked Driveway,QUEENS,Flushing,NYPD,Lt. Marcus Webb,Open,,12.7,24,NO,
SR-2024-20000135,2024-06-12T19:00:00,Illegal Parking,BROOKLYN,Crown Heights,NYPD,Lt. Marcus Webb,Closed,2024-06-13T08:16:14,,24,NO,The Police Department responded to the complaint and took action.
SR-2024-20000136,2024-06-14T13:41:44,PLUMBING,BROOKLYN,Williamsburg,HPD,Director Priya Nair,Closed,2024-06-17T14:03:41,,168,NO,The building owner was notified and corrected the condition.
SR-2024-20000137,2024-06-14T21:30:53,Street Condition,BROOKLYN,Crown Heights,DOT,Dir. Samantha Chen,Open,,8.5,72,NO,
SR-2024-20000138,2024-06-14T14:48:56,Noise - Street/Sidewalk,BRONX,Pelham Bay,NYPD,Lt. Marcus Webb,Closed,2024-06-15T07:57:09,,24,NO,The Police Department responded to the complaint and took action.
SR-2024-20000139,2024-06-14T15:51:45,PAINT/PLASTER,QUEENS,Forest Hills,HPD,Director Priya Nair,Open,,14.1,168,NO,
SR-2024-20000140,2024-06-14T22:55:05,Homeless Person Assistance,QUEENS,Jamaica,DHS,Dir. Fatima Hassan,Closed,2024-06-16T00:02:51,,24,NO,The individual accepted shelter placement.
SR-2024-20000141,2024-06-11T20:00:00,Graffiti,BRONX,Tremont,DSNY,Supt. Carlos Rivera,Closed,2024-06-13T21:03:52,,48,NO,The Department of Sanitation responded and addressed the condition.
SR-2024-20000142,2024-06-15T03:19:11,HEAT/HOT WATER,BROOKLYN,Williamsburg,HPD,Director Priya Nair,Closed,2024-06-20T22:21:26,,168,NO,The building owner was notified and corrected the condition.
SR-2024-20000143,2024-06-12T17:00:00,Illegal Parking,BROOKLYN,Flatbush,NYPD,Lt. Marcus Webb,Closed,2024-06-13T03:59:50,,24,NO,"Upon arrival, the condition was no longer present."
SR-2024-20000144,2024-06-14T22:51:48,Noise - Commercial,BRONX,Riverdale,NYPD,Lt. Marcus Webb,Open,,7.1,24,NO,
SR-2024-20000145,2024-06-10T07:00:00,Noise - Commercial,MANHATTAN,Washington Heights,NYPD,Lt. Marcus Webb,Closed,2024-06-10T23:56:13,,24,NO,The Police Department responded to the complaint and took action.
SR-2024-20000146,2024-06-14T16:07:47,Rodent,QUEENS,Forest Hills,DOHMH,Dr. James Okafor,Open,,13.9,72,NO,
SR-2024-20000147,2024-06-15T04:39:44,Request Large Bulky Item Collection,BRONX,Fordham,DSNY,Supt. Carlos Rivera,Closed,2024-06-15T20:11:04,,48,NO,Item was collected during the next scheduled pickup.
SR-2024-20000148,2024-06-09T06:00:00,Illegal Parking,BRONX,Mott Haven,NYPD,Lt. Marcus Webb,Open,,144.0,24,YES,
SR-2024-20000149,2024-06-15T00:40:55,PLUMBING,BROOKLYN,Bushwick,HPD,Director Priya Nair,Open,,5.3,168,NO,
SR-2024-20000150,2024-06-14T06:53:00,PLUMBING,QUEENS,Jamaica,HPD,Director Priya Nair,Open,,23.1,168,NO,
SR-2024-20000151,2024-06-15T00:24:40,HEAT/HOT WATER,BROOKLYN,Bed-Stuy,HPD,Director Priya Nair,Open,,5.6,168,NO,
SR-2024-20000152,2024-06-13T06:00:00,UNSANITARY CONDITION,MANHATTAN,Inwood,HPD,Director Priya Nair,Open,,48.0,168,NO,
SR-2024-20000153,2024-06-14T18:33:07,UNSANITARY CONDITION,BRONX,Tremont,HPD,Director Priya Nair,Closed,2024-06-20T17:39:20,,168,NO,The building owner was notified and corrected the condition.
SR-2024-20000154,2024-06-10T06:00:00,PLUMBING,BROOKLYN,Crown Heights,HPD,Director Priya Nair,Open,,120.0,168,NO,
SR-2024-20000155,2024-06-09T23:00:00,Blocked Driveway,BROOKLYN,Bed-Stuy,NYPD,Lt. Marcus Webb,Closed,2024-06-10T21:55:24,,24,NO,"Upon arrival, the condition was no longer present."
SR-2024-20000156,2024-06-15T03:28:19,Water System,BRONX,Mott Haven,DEP,Mgr. Yvonne Blake,Closed,2024-06-16T08:31:24,,48,NO,A work crew was dispatched and resolved the issue.
SR-2024-20000157,2024-06-14T16:51:34,PAINT/PLASTER,BROOKLYN,Williamsburg,HPD,Director Priya Nair,Open,,13.1,168,NO,
SR-2024-20000158,2024-06-11T18:00:00,Noise - Residential,BROOKLYN,Flatbush,NYPD,Lt. Marcus Webb,Closed,2024-06-12T10:53:19,,24,NO,The Police Department responded to the complaint and took action.
SR-2024-20000159,2024-06-15T02:23:32,Noise - Residential,BROOKLYN,Flatbush,NYPD,Lt. Marcus Webb,Open,,3.6,24,NO,
SR-2024-20000160,2024-06-11T11:00:00,Illegal Parking,QUEENS,Forest Hills,NYPD,Lt. Marcus Webb,Closed,2024-06-12T08:28:16,,24,NO,The Police Department responded to the complaint and took action.
SR-2024-20000161,2024-06-09T13:00:00,UNSANITARY CONDITION,QUEENS,Astoria,HPD,Director Priya Nair,Closed,2024-06-14T12:35:37,,168,NO,The building owner was notified and corrected the condition.
SR-2024-20000162,2024-06-14T21:32:16,Request Large Bulky Item Collection,MANHATTAN,Harlem,DSNY,Supt. Carlos Rivera,Closed,2024-06-16T13:50:16,,48,NO,The Department of Sanitation responded and addressed the condition.
SR-2024-20000163,2024-06-14T12:49:42,UNSANITARY CONDITION,BRONX,Riverdale,HPD,Director Priya Nair,Closed,2024-06-18T00:34:55,,168,NO,An inspection was conducted and a violation was issued.
SR-2024-20000164,2024-06-15T05:58:14,HEAT/HOT WATER,MANHATTAN,East Village,HPD,Director Priya Nair,Closed,2024-06-17T16:54:45,,168,NO,An inspection was conducted and a violation was issued.
SR-2024-20000165,2024-06-14T10:53:03,Noise - Residential,BROOKLYN,Williamsburg,NYPD,Lt. Marcus Webb,Closed,2024-06-15T00:08:15,,24,NO,"Upon arrival, the condition was no longer present."
SR-2024-20000166,2024-06-14T22:44:31,Blocked Driveway,QUEENS,Jamaica,NYPD,Lt. Marcus Webb,Closed,2024-06-15T21:04:11,,24,NO,The Police Department responded to the complaint and took action.
SR-2024-20000167,2024-06-15T01:02:22,Noise - Vehicle,BROOKLYN,Williamsburg,NYPD,Lt. Marcus Webb,Open,,5.0,24,NO,
SR-2024-20000168,2024-06-14T07:38:58,Graffiti,QUEENS,Astoria,DSNY,Supt. Carlos Rivera,Closed,2024-06-15T04:03:57,,48,NO,Item was collected during the next scheduled pickup.
SR-2024-20000169,2024-06-14T15:48:09,Non-Emergency Police Matter,QUEENS,Flushing,NYPD,Lt. Marcus Webb,Closed,2024-06-15T09:55:58,,24,NO,"Upon arrival, the condition was no longer present."
SR-2024-20000170,2024-06-14T11:35:31,Noise - Residential,MANHATTAN,Harlem,NYPD,Lt. Marcus Webb,Closed,2024-06-15T08:31:51,,24,NO,"Upon arrival, the condition was no longer present."
SR-2024-20000171,2024-06-15T03:51:23,Illegal Parking,QUEENS,Flushing,NYPD,Lt. Marcus Webb,Open,,2.1,24,NO,
SR-2024-20000172,2024-06-11T15:00:00,Derelict Vehicle,STATEN ISLAND,St. George,NYPD,Lt. Marcus Webb,Closed,2024-06-12T13:50:41,,24,NO,"Upon arrival, the condition was no longer present."
SR-2024-20000173,2024-06-14T16:09:55,Non-Emergency Police Matter,MANHATTAN,Washington Heights,NYPD,Lt. Marcus Webb,Closed,2024-06-15T14:53:02,,24,NO,"Upon arrival, the condition was no longer present."
SR-2024-20000174,2024-06-15T00:11:28,UNSANITARY CONDITION,BRONX,Pelham Bay,HPD,Director Priya Nair,Open,,5.8,168,NO,
SR-2024-20000175,2024-06-14T10:39:30,Noise - Vehicle,BRONX,Pelham Bay,NYPD,Lt. Marcus Webb,Closed,2024-06-14T17:51:32,,24,NO,The Police Department responded to the complaint and took action.
SR-2024-20000176,2024-06-14T19:48:19,UNSANITARY CONDITION,BROOKLYN,Williamsburg,HPD,Director Priya Nair,Open,,10.2,168,NO,
SR-2024-20000177,2024-06-14T11:58:30,Water System,BRONX,Mott Haven,DEP,Mgr. Yvonne Blake,Open,,18.0,48,NO,
SR-2024-20000178,2024-06-14T20:35:52,HEAT/HOT WATER,BROOKLYN,Bushwick,HPD,Director Priya Nair,Closed,2024-06-20T19:25:41,,168,NO,An inspection was conducted and a violation was issued.
SR-2024-20000179,2024-06-14T07:57:46,Elevator,BROOKLYN,Bushwick,DOB,Insp. Tony Marchetti,Closed,2024-06-17T05:37:02,,96,NO,A violation was issued and the owner was notified.
SR-2024-20000180,2024-06-08T08:00:00,Street Light Condition,QUEENS,Flushing,DOT,Dir. Samantha Chen,Closed,2024-06-11T00:22:48,,72,NO,A work order was issued for repair.
SR-2024-20000181,2024-06-14T21:39:06,PAINT/PLASTER,QUEENS,Forest Hills,HPD,Director Priya Nair,Closed,2024-06-21T22:15:20,,168,NO,An inspection was conducted and a violation was issued.
SR-2024-20000182,2024-06-14T23:39:42,PAINT/PLASTER,QUEENS,Forest Hills,HPD,Director Priya Nair,Open,,6.3,168,NO,
SR-2024-20000183,2024-06-14T14:19:42,HEAT/HOT WATER,BROOKLYN,Williamsburg,HPD,Director Priya Nair,Closed,2024-06-19T04:53:09,,168,NO,The building owner was notified and corrected the condition.
SR-2024-20000184,2024-06-11T09:00:00,Elevator,MANHATTAN,Chelsea,DOB,Insp. Tony Marchetti,Closed,2024-06-14T12:11:35,,96,NO,A violation was issued and the owner was notified.
SR-2024-20000185,2024-06-15T03:26:28,Water System,QUEENS,Flushing,DEP,Mgr. Yvonne Blake,Closed,2024-06-16T08:58:13,,48,NO,The condition was investigated and corrected.
SR-2024-20000186,2024-06-14T08:34:08,Illegal Parking,MANHATTAN,Washington Heights,NYPD,Lt. Marcus Webb,Closed,2024-06-15T09:32:18,,24,NO,"Upon arrival, the condition was no longer present."
SR-2024-20000187,2024-06-11T10:00:00,Noise - Street/Sidewalk,BROOKLYN,Crown Heights,NYPD,Lt. Marcus Webb,Closed,2024-06-12T04:25:05,,24,NO,The Police Department responded to the complaint and took action.
SR-2024-20000188,2024-06-14T19:30:36,Illegal Parking,BRONX,Riverdale,NYPD,Lt. Marcus Webb,Closed,2024-06-15T07:00:13,,24,NO,"Upon arrival, the condition was no longer present."
SR-2024-20000189,2024-06-10T19:00:00,Blocked Driveway,BRONX,Pelham Bay,NYPD,Lt. Marcus Webb,Open,,107.0,24,YES,
SR-2024-20000190,2024-06-12T11:00:00,HEAT/HOT WATER,BRONX,Mott Haven,HPD,Director Priya Nair,Open,,67.0,168,NO,
SR-2024-20000191,2024-06-15T01:40:39,PLUMBING,BRONX,Riverdale,HPD,Director Priya Nair,Closed,2024-06-17T15:51:27,,168,NO,The building owner was notified and corrected the condition.
SR-2024-20000192,2024-06-14T20:39:05,Noise - Commercial,BRONX,Riverdale,NYPD,Lt. Marcus Webb,Closed,2024-06-15T09:46:23,,24,NO,"Upon arrival, the condition was no longer present."
SR-2024-20000193,2024-06-07T17:00:00,Graffiti,BROOKLYN,Bed-Stuy,DSNY,Supt. Carlos Rivera,Closed,2024-06-09T02:05:42,,48,NO,The Department of Sanitation responded and addressed the condition.
SR-2024-20000194,2024-06-14T15:37:30,Noise - Commercial,MANHATTAN,Inwood,NYPD,Lt. Marcus Webb,Closed,2024-06-15T04:28:37,,24,NO,"Upon arrival, the condition was no longer present."
SR-2024-20000195,2024-06-14T07:49:25,Noise - Commercial,BROOKLYN,Flatbush,NYPD,Lt. Marcus Webb,Closed,2024-06-14T23:14:38,,24,NO,The Police Department responded to the complaint and took action.
SR-2024-20000196,2024-06-14T20:13:40,Graffiti,BRONX,Mott Haven,DSNY,Supt. Carlos Rivera,Closed,2024-06-16T04:21:19,,48,NO,Item was collected during the next scheduled pickup.
SR-2024-20000197,2024-06-15T04:05:47,Blocked Driveway,BROOKLYN,Bed-Stuy,NYPD,Lt. Marcus Webb,Closed,2024-06-15T13:21:09,,24,NO,"Upon arrival, the condition was no longer present."
SR-2024-20000198,2024-06-14T15:26:00,Request Large Bulky Item Collection,BROOKLYN,Flatbush,DSNY,Supt. Carlos Rivera,Open,,14.6,48,NO,
SR-2024-20000199,2024-06-14T22:46:16,Illegal Parking,BRONX,Mott Haven,NYPD,Lt. Marcus Webb,Closed,2024-06-15T23:03:04,,24,NO,The Police Department responded to the complaint and took action.
SR-2024-20000200,2024-06-15T00:29:18,PAINT/PLASTER,BROOKLYN,Williamsburg,HPD,Director Priya Nair,Closed,2024-06-22T17:01:43,,168,NO,The building owner was notified and corrected the condition.
SR-2024-20000201,2024-06-14T15:39:41,Illegal Parking,BRONX,Mott Haven,NYPD,Lt. Marcus Webb,Closed,2024-06-15T02:35:22,,24,NO,"Upon arrival, the condition was no longer present."
SR-2024-20000202,2024-06-14T19:58:27,PLUMBING,QUEENS,Jamaica,HPD,Director Priya Nair,Closed,2024-06-19T21:53:45,,168,NO,An inspection was conducted and a violation was issued.
SR-2024-20000203,2024-06-15T02:19:31,PLUMBING,QUEENS,Flushing,HPD,Director Priya Nair,Open,,3.7,168,NO,
SR-2024-20000204,2024-06-14T08:23:39,Water System,BROOKLYN,Bed-Stuy,DEP,Mgr. Yvonne Blake,Closed,2024-06-15T17:15:00,,48,NO,A work crew was dispatched and resolved the issue.
SR-2024-20000205,2024-06-14T23:34:36,Illegal Parking,MANHATTAN,Chelsea,NYPD,Lt. Marcus Webb,Closed,2024-06-15T23:15:54,,24,NO,The Police Department responded to the complaint and took action.
SR-2024-20000206,2024-06-08T13:00:00,Request Large Bulky Item Collection,BRONX,Fordham,DSNY,Supt. Carlos Rivera,Closed,2024-06-09T07:54:14,,48,NO,Item was collected during the next scheduled pickup.
SR-2024-20000207,2024-06-14T21:29:11,Noise - Residential,STATEN ISLAND,Stapleton,NYPD,Lt. Marcus Webb,Closed,2024-06-15T10:37:45,,24,NO,"Upon arrival, the condition was no longer present."
SR-2024-20000208,2024-06-14T10:32:34,PAINT/PLASTER,BROOKLYN,Crown Heights,HPD,Director Priya Nair,Closed,2024-06-17T17:33:39,,168,NO,The building owner was notified and corrected the condition.
SR-2024-20000209,2024-06-12T21:00:00,PAINT/PLASTER,MANHATTAN,Harlem,HPD,Director Priya Nair,Open,,57.0,168,NO,
SR-2024-20000210,2024-06-14T17:45:08,Noise - Residential,BROOKLYN,Bed-Stuy,NYPD,Lt. Marcus Webb,Closed,2024-06-15T18:13:22,,24,NO,"Upon arrival, the condition was no longer present."
SR-2024-20000211,2024-06-14T15:18:12,PAINT/PLASTER,MANHATTAN,Inwood,HPD,Director Priya Nair,Open,,14.7,168,NO,
SR-2024-20000212,2024-06-15T04:02:10,Noise - Residential,STATEN ISLAND,New Dorp,NYPD,Lt. Marcus Webb,Open,,2.0,24,NO,
SR-2024-20000213,2024-06-14T09:32:08,Noise - Residential,QUEENS,Forest Hills,NYPD,Lt. Marcus Webb,Closed,2024-06-15T00:16:18,,24,NO,The Police Department responded to the complaint and took action.
SR-2024-20000214,2024-06-14T18:43:42,Graffiti,BRONX,Riverdale,DSNY,Supt. Carlos Rivera,Open,,11.3,48,NO,
SR-2024-20000215,2024-06-12T16:00:00,Noise - Residential,QUEENS,Forest Hills,NYPD,Lt. Marcus Webb,Closed,2024-06-13T14:24:43,,24,NO,The Police Department responded to the complaint and took action.
SR-2024-20000216,2024-06-14T07:28:43,Water System,MANHATTAN,Inwood,DEP,Mgr. Yvonne Blake,Closed,2024-06-15T09:28:11,,48,NO,The condition was investigated and corrected.
SR-2024-20000217,2024-06-09T06:00:00,Graffiti,BROOKLYN,Crown Heights,DSNY,Supt. Carlos Rivera,Open,,144.0,48,YES,
SR-2024-20000218,2024-06-08T02:00:00,Noise - Vehicle,MANHATTAN,Washington Heights,NYPD,Lt. Marcus Webb,Open,,172.0,24,YES,
SR-2024-20000219,2024-06-14T17:01:43,Request Large Bulky Item Collection,BROOKLYN,Williamsburg,DSNY,Supt. Carlos Rivera,Open,,13.0,48,NO,
SR-2024-20000220,2024-06-14T20:22:08,Noise - Residential,QUEENS,Jamaica,NYPD,Lt. Marcus Webb,Closed,2024-06-15T05:46:18,,24,NO,"Upon arrival, the condition was no longer present."
SR-2024-20000221,2024-06-10T16:00:00,UNSANITARY CONDITION,QUEENS,Forest Hills,HPD,Director Priya Nair,Closed,2024-06-17T11:06:17,,168,NO,The building owner was notified and corrected the condition.
SR-2024-20000222,2024-06-08T04:00:00,Illegal Parking,MANHATTAN,Washington Heights,NYPD,Lt. Marcus Webb,Open,,170.0,24,YES,
SR-2024-20000223,2024-06-10T00:00:00,Non-Emergency Police Matter,QUEENS,Forest Hills,NYPD,Lt. Marcus Webb,Closed,2024-06-10T23:13:04,,24,NO,The Police Department responded to the complaint and took action.
SR-2024-20000224,2024-06-14T13:30:40,PLUMBING,BROOKLYN,Flatbush,HPD,Director Priya Nair,Closed,2024-06-17T17:25:08,,168,NO,The building owner was notified and corrected the condition.
SR-2024-20000225,2024-06-14T12:50:04,Noise - Residential,MANHATTAN,Washington Heights,NYPD,Lt. Marcus Webb,Closed,2024-06-15T00:42:52,,24,NO,"Upon arrival, the condition was no longer present."
SR-2024-20000226,2024-06-11T20:00:00,Noise - Commercial,QUEENS,Jamaica,NYPD,Lt. Marcus Webb,Open,,82.0,24,YES,
SR-2024-20000227,2024-06-14T14:46:57,PAINT/PLASTER,QUEENS,Astoria,HPD,Director Priya Nair,Open,,15.2,168,NO,
SR-2024-20000228,2024-06-10T17:00:00,Noise - Vehicle,MANHATTAN,Inwood,NYPD,Lt. Marcus Webb,Closed,2024-06-11T14:25:36,,24,NO,The Police Department responded to the complaint and took action.
SR-2024-20000229,2024-06-14T14:19:54,Request Large Bulky Item Collection,BROOKLYN,Bed-Stuy,DSNY,Supt. Carlos Rivera,Open,,15.7,48,NO,
SR-2024-20000230,2024-06-11T02:00:00,Street Light Condition,QUEENS,Flushing,DOT,Dir. Samantha Chen,Closed,2024-06-12T20:07:28,,72,NO,The Department of Transportation inspected and corrected the condition.
SR-2024-20000231,2024-06-14T22:16:30,Noise - Residential,BROOKLYN,Flatbush,NYPD,Lt. Marcus Webb,Closed,2024-06-15T09:55:52,,24,NO,"Upon arrival, the condition was no longer present."
SR-2024-20000232,2024-06-15T01:29:21,Elevator,QUEENS,Jackson Heights,DOB,Insp. Tony Marchetti,Closed,2024-06-16T11:56:42,,96,NO,A building inspector was dispatched and the condition was addressed.
SR-2024-20000233,2024-06-12T15:00:00,Illegal Parking,QUEENS,Astoria,NYPD,Lt. Marcus Webb,Closed,2024-06-13T01:09:15,,24,NO,The Police Department responded to the complaint and took action.
SR-2024-20000234,2024-06-14T20:58:50,Blocked Driveway,BROOKLYN,Bed-Stuy,NYPD,Lt. Marcus Webb,Closed,2024-06-15T16:43:43,,24,NO,"Upon arrival, the condition was no longer present."
SR-2024-20000235,2024-06-12T17:00:00,Elevator,BROOKLYN,Flatbush,DOB,Insp. Tony Marchetti,Open,,61.0,96,NO,
SR-2024-20000236,2024-06-09T22:00:00,Blocked Driveway,QUEENS,Jackson Heights,NYPD,Lt. Marcus Webb,Closed,2024-06-11T00:05:48,,24,NO,"Upon arrival, the condition was no longer present."
SR-2024-20000237,2024-06-08T17:00:00,Water System,BROOKLYN,Flatbush,DEP,Mgr. Yvonne Blake,Closed,2024-06-09T17:34:31,,48,NO,A work crew was dispatched and resolved the issue.
SR-2024-20000238,2024-06-09T00:00:00,Noise - Residential,BRONX,Pelham Bay,NYPD,Lt. Marcus Webb,Closed,2024-06-09T23:34:32,,24,NO,"Upon arrival, the condition was no longer present."
SR-2024-20000239,2024-06-08T14:00:00,PLUMBING,BROOKLYN,Bed-Stuy,HPD,Director Priya Nair,Open,,160.0,168,NO,
SR-2024-20000240,2024-06-14T07:18:49,Street Light Condition,QUEENS,Jackson Heights,DOT,Dir. Samantha Chen,Closed,2024-06-17T09:55:02,,72,NO,A work order was issued for repair.
SR-2024-20000241,2024-06-14T17:22:02,Water System,BRONX,Riverdale,DEP,Mgr. Yvonne Blake,Closed,2024-06-15T17:54:40,,48,NO,The condition was investigated and corrected.
SR-2024-20000242,2024-06-10T12:00:00,Water System,BRONX,Pelham Bay,DEP,Mgr. Yvonne Blake,Closed,2024-06-11T19:36:17,,48,NO,A work crew was dispatched and resolved the issue.
SR-2024-20000243,2024-06-12T18:00:00,Blocked Driveway,QUEENS,Jamaica,NYPD,Lt. Marcus Webb,Open,,60.0,24,YES,
SR-2024-20000244,2024-06-15T00:49:06,Request Large Bulky Item Collection,BROOKLYN,Bushwick,DSNY,Supt. Carlos Rivera,Closed,2024-06-16T17:35:59,,48,NO,Item was collected during the next scheduled pickup.
SR-2024-20000245,2024-06-14T17:26:41,PLUMBING,QUEENS,Flushing,HPD,Director Priya Nair,Closed,2024-06-19T22:37:37,,168,NO,The building owner was notified and corrected the condition.
SR-2024-20000246,2024-06-12T06:00:00,Non-Emergency Police Matter,BRONX,Pelham Bay,NYPD,Lt. Marcus Webb,Closed,2024-06-13T05:07:42,,24,NO,The Police Department responded to the complaint and took action.
SR-2024-20000247,2024-06-07T16:00:00,Blocked Driveway,QUEENS,Flushing,NYPD,Lt. Marcus Webb,Open,,182.0,24,YES,
SR-2024-20000248,2024-06-12T07:00:00,Noise - Residential,BRONX,Mott Haven,NYPD,Lt. Marcus Webb,Closed,2024-06-13T00:28:53,,24,NO,"Upon arrival, the condition was no longer present."
SR-2024-20000249,2024-06-14T07:47:31,Street Condition,BROOKLYN,Bushwick,DOT,Dir. Samantha Chen,Closed,2024-06-17T04:30:53,,72,NO,A work order was issued for repair.
SR-2024-20000250,2024-06-11T06:00:00,Derelict Vehicle,BRONX,Fordham,NYPD,Lt. Marcus Webb,Closed,2024-06-12T06:16:03,,24,NO,"Upon arrival, the condition was no longer present."
SR-2024-20000251,2024-06-08T06:00:00,Street Light Condition,STATEN ISLAND,Port Richmond,DOT,Dir. Samantha Chen,Closed,2024-06-11T08:35:18,,72,NO,The Department of Transportation inspected and corrected the condition.
SR-2024-20000252,2024-06-11T04:00:00,Noise - Street/Sidewalk,QUEENS,Jamaica,NYPD,Lt. Marcus Webb,Closed,2024-06-11T19:29:38,,24,NO,The Police Department responded to the complaint and took action.
SR-2024-20000253,2024-06-14T12:29:48,HEAT/HOT WATER,QUEENS,Astoria,HPD,Director Priya Nair,Open,,17.5,168,NO,
SR-2024-20000254,2024-06-13T05:00:00,Noise - Commercial,QUEENS,Astoria,NYPD,Lt. Marcus Webb,Closed,2024-06-13T13:13:52,,24,NO,The Police Department responded to the complaint and took action.
SR-2024-20000255,2024-06-15T05:36:51,Noise - Street/Sidewalk,MANHATTAN,Washington Heights,NYPD,Lt. Marcus Webb,Open,,0.4,24,NO,
SR-2024-20000256,2024-06-14T18:08:22,HEAT/HOT WATER,BROOKLYN,Bed-Stuy,HPD,Director Priya Nair,Closed,2024-06-21T14:24:08,,168,NO,An inspection was conducted and a violation was issued.
SR-2024-20000257,2024-06-14T14:09:02,Derelict Vehicle,QUEENS,Astoria,NYPD,Lt. Marcus Webb,Closed,2024-06-15T09:03:47,,24,NO,"Upon arrival, the condition was no longer present."
SR-2024-20000258,2024-06-14T10:36:01,Noise - Residential,BROOKLYN,Bed-Stuy,NYPD,Lt. Marcus Webb,Closed,2024-06-15T01:46:46,,24,NO,The Police Department responded to the complaint and took action.
SR-2024-20000259,2024-06-14T20:44:38,PAINT/PLASTER,QUEENS,Astoria,HPD,Director Priya Nair,Open,,9.3,168,NO,
SR-2024-20000260,2024-06-11T05:00:00,Homeless Person Assistance,BRONX,Pelham Bay,DHS,Dir. Fatima Hassan,Open,,97.0,24,YES,
SR-2024-20000261,2024-06-14T23:01:06,Homeless Person Assistance,BRONX,Tremont,DHS,Dir. Fatima Hassan,Open,,7.0,24,NO,
SR-2024-20000262,2024-06-07T08:00:00,PAINT/PLASTER,QUEENS,Flushing,HPD,Director Priya Nair,Closed,2024-06-10T00:49:13,,168,NO,The building owner was notified and corrected the condition.
SR-2024-20000263,2024-06-07T09:00:00,UNSANITARY CONDITION,STATEN ISLAND,Port Richmond,HPD,Director Priya Nair,Open,,189.0,168,YES,
SR-2024-20000264,2024-06-15T02:35:00,Street Light Condition,MANHATTAN,Chelsea,DOT,Dir. Samantha Chen,Closed,2024-06-16T04:12:29,,72,NO,The Department of Transportation inspected and corrected the condition.
SR-2024-20000265,2024-06-15T05:43:41,Illegal Parking,BROOKLYN,Flatbush,NYPD,Lt. Marcus Webb,Open,,0.3,24,NO,
SR-2024-20000266,2024-06-09T14:00:00,Rodent,QUEENS,Forest Hills,DOHMH,Dr. James Okafor,Open,,136.0,72,YES,
SR-2024-20000267,2024-06-14T10:32:06,UNSANITARY CONDITION,MANHATTAN,Inwood,HPD,Director Priya Nair,Closed,2024-06-20T22:14:44,,168,NO,An inspection was conducted and a violation was issued.
SR-2024-20000268,2024-06-14T08:12:50,Illegal Parking,BROOKLYN,Bed-Stuy,NYPD,Lt. Marcus Webb,Closed,2024-06-14T19:13:22,,24,NO,"Upon arrival, the condition was no longer present."
SR-2024-20000269,2024-06-14T10:18:47,HEAT/HOT WATER,QUEENS,Astoria,HPD,Director Priya Nair,Closed,2024-06-17T13:17:04,,168,NO,The building owner was notified and corrected the condition.
SR-2024-20000270,2024-06-14T09:11:01,HEAT/HOT WATER,QUEENS,Flushing,HPD,Director Priya Nair,Closed,2024-06-17T07:30:55,,168,NO,An inspection was conducted and a violation was issued.
SR-2024-20000271,2024-06-15T03:19:50,Street Light Condition,BRONX,Tremont,DOT,Dir. Samantha Chen,Open,,2.7,72,NO,
SR-2024-20000272,2024-06-14T22:47:31,UNSANITARY CONDITION,BRONX,Fordham,HPD,Director Priya Nair,Open,,7.2,168,NO,
SR-2024-20000273,2024-06-09T12:00:00,Noise - Street/Sidewalk,BROOKLYN,Williamsburg,NYPD,Lt. Marcus Webb,Closed,2024-06-10T13:30:15,,24,NO,The Police Department responded to the complaint and took action.
SR-2024-20000274,2024-06-14T17:36:19,Illegal Parking,BRONX,Tremont,NYPD,Lt. Marcus Webb,Closed,2024-06-15T05:56:59,,24,NO,The Police Department responded to the complaint and took action.
SR-2024-20000275,2024-06-14T09:45:35,UNSANITARY CONDITION,BROOKLYN,Crown Heights,HPD,Director Priya Nair,Open,,20.2,168,NO,
SR-2024-20000276,2024-06-10T12:00:00,Request Large Bulky Item Collection,MANHATTAN,Inwood,DSNY,Supt. Carlos Rivera,Open,,114.0,48,YES,
SR-2024-20000277,2024-06-11T14:00:00,Noise - Residential,BROOKLYN,Bushwick,NYPD,Lt. Marcus Webb,Closed,2024-06-12T08:36:49,,24,NO,The Police Department responded to the complaint and took action.
SR-2024-20000278,2024-06-14T23:36:33,Illegal Parking,MANHATTAN,Inwood,NYPD,Lt. Marcus Webb,Closed,2024-06-15T13:06:31,,24,NO,The Police Department responded to the complaint and took action.
SR-2024-20000279,2024-06-14T15:50:08,PLUMBING,MANHATTAN,Washington Heights,HPD,Director Priya Nair,Closed,2024-06-21T00:23:51,,168,NO,The building owner was notified and corrected the condition.
SR-2024-20000280,2024-06-11T16:00:00,Elevator,QUEENS,Forest Hills,DOB,Insp. Tony Marchetti,Closed,2024-06-13T19:24:49,,96,NO,A violation was issued and the owner was notified.
SR-2024-20000281,2024-06-14T13:12:23,Street Light Condition,BROOKLYN,Bed-Stuy,DOT,Dir. Samantha Chen,Open,,16.8,72,NO,
SR-2024-20000282,2024-06-12T04:00:00,Noise - Residential,BROOKLYN,Bushwick,NYPD,Lt. Marcus Webb,Closed,2024-06-12T15:04:25,,24,NO,"Upon arrival, the condition was no longer present."
SR-2024-20000283,2024-06-14T22:12:06,PLUMBING,BROOKLYN,Bushwick,HPD,Director Priya Nair,Closed,2024-06-20T11:15:29,,168,NO,An inspection was conducted and a violation was issued.
SR-2024-20000284,2024-06-09T17:00:00,Illegal Parking,QUEENS,Astoria,NYPD,Lt. Marcus Webb,Closed,2024-06-10T05:05:31,,24,NO,"Upon arrival, the condition was no longer present."
SR-2024-20000285,2024-06-15T02:25:05,UNSANITARY CONDITION,BRONX,Mott Haven,HPD,Director Priya Nair,Closed,2024-06-19T11:27:43,,168,NO,The building owner was notified and corrected the condition.
SR-2024-20000286,2024-06-11T02:00:00,Rodent,MANHATTAN,Inwood,DOHMH,Dr. James Okafor,Open,,100.0,72,YES,
SR-2024-20000287,2024-06-10T21:00:00,Street Light Condition,MANHATTAN,Harlem,DOT,Dir. Samantha Chen,Open,,105.0,72,YES,
SR-2024-20000288,2024-06-09T14:00:00,Street Light Condition,QUEENS,Astoria,DOT,Dir. Samantha Chen,Closed,2024-06-12T06:54:55,,72,NO,The Department of Transportation inspected and corrected the condition.
SR-2024-20000289,2024-06-12T11:00:00,Graffiti,BROOKLYN,Bushwick,DSNY,Supt. Carlos Rivera,Open,,67.0,48,YES,
SR-2024-20000290,2024-06-09T11:00:00,Noise - Street/Sidewalk,MANHATTAN,Inwood,NYPD,Lt. Marcus Webb,Open,,139.0,24,YES,
SR-2024-20000291,2024-06-10T02:00:00,PAINT/PLASTER,BROOKLYN,Bushwick,HPD,Director Priya Nair,Closed,2024-06-12T14:03:12,,168,NO,The building owner was notified and corrected the condition.
SR-2024-20000292,2024-06-15T04:53:47,Water System,BROOKLYN,Bushwick,DEP,Mgr. Yvonne Blake,Closed,2024-06-16T06:29:14,,48,NO,A work crew was dispatched and resolved the issue.
SR-2024-20000293,2024-06-12T06:00:00,PAINT/PLASTER,BROOKLYN,Crown Heights,HPD,Director Priya Nair,Open,,72.0,168,NO,
SR-2024-20000294,2024-06-14T13:16:13,PAINT/PLASTER,QUEENS,Astoria,HPD,Director Priya Nair,Closed,2024-06-21T23:34:39,,168,NO,An inspection was conducted and a violation was issued.
SR-2024-20000295,2024-06-08T16:00:00,Elevator,BRONX,Pelham Bay,DOB,Insp. Tony Marchetti,Closed,2024-06-11T20:43:08,,96,NO,A building inspector was dispatched and the condition was addressed.
SR-2024-20000296,2024-06-11T02:00:00,Rodent,QUEENS,Flushing,DOHMH,Dr. James Okafor,Open,,100.0,72,YES,
SR-2024-20000297,2024-06-14T15:12:40,Street Condition,BROOKLYN,Flatbush,DOT,Dir. Samantha Chen,Open,,14.8,72,NO,
SR-2024-20000298,2024-06-08T15:00:00,Blocked Driveway,MANHATTAN,East Village,NYPD,Lt. Marcus Webb,Closed,2024-06-09T00:01:49,,24,NO,The Police Department responded to the complaint and took action.
SR-2024-20000299,2024-06-12T12:00:00,Noise - Street/Sidewalk,QUEENS,Jackson Heights,NYPD,Lt. Marcus Webb,Closed,2024-06-13T02:14:02,,24,NO,The Police Department responded to the complaint and took action.